{
  "total_supply": 999196942.811547,
  "allocations": {
    "Developer Lock": 99919694.281155,
    "Operational Reserve": 149879541.421732,
    "Marketing and Partnerships": 99919694.281155,
    "Ecosystem Rewards": 99919694.281155,
    "Burn Slot": 49959847.140577,
    "Community": 499598471.405774
  }
}