{
  "total_supply": 999195942.811547,
  "allocations": {
    "Developer Lock": 99919594.281155,
    "Operational Reserve": 149879391.421732,
    "Marketing and Partnerships": 99919594.281155,
    "Ecosystem Rewards": 99919594.281155,
    "Burn Slot": 49959797.140577,
    "Community": 499597971.405774
  }
}