{
  "mint": "HJwToCxFFmtnYGZMQa7rZwHAMG2evdbdXAbbQr1Jpump",
  "initial_supply": 1000000000.0,
  "current_supply": 999184941.320626,
  "burned": 815058.679374,
  "allocations": {
    "Developer Lock": 99918494.132063,
    "Operational Reserve": 149877741.198094,
    "Marketing and Partnerships": 99918494.132063,
    "Ecosystem Rewards": 99918494.132063,
    "Community": 549551717.726344
  }
}