{
  "mint": "HJwToCxFFmtnYGZMQa7rZwHAMG2evdbdXAbbQr1Jpump",
  "initial_supply": 1000000000.0,
  "current_supply": 999184790.758662,
  "burned": 815209.241338,
  "allocations": {
    "Developer Lock": 99918479.075866,
    "Operational Reserve": 149877718.613799,
    "Marketing and Partnerships": 99918479.075866,
    "Ecosystem Rewards": 99918479.075866,
    "Community": 549551634.917264
  }
}