{
  "mint": "HJwToCxFFmtnYGZMQa7rZwHAMG2evdbdXAbbQr1Jpump",
  "initial_supply": 1000000000.0,
  "current_supply": 999178790.758661,
  "burned": 821209.241339,
  "allocations": {
    "Developer Lock": 99917879.075866,
    "Operational Reserve": 149876818.613799,
    "Marketing and Partnerships": 99917879.075866,
    "Ecosystem Rewards": 99917879.075866,
    "Community": 549548334.917264
  }
}